road_name,room_count,house_type,mt_sq,constr_year,discount,price,postal_code,price_mt_sq,date,sale_type
A Olufsensvej 4,3,Sommerhus,35,1958,0.1,657e3,4500 Nykøbing Sj,18771,2017-06-30,Alm. Salg
Nørredalen 10,5,Sommerhus,84,1957,0.06,74e4,4500 Nykøbing Sj,8809,2017-06-30,Alm. Salg
Elvervangen 7,4,Sommerhus,65,1971,NA,57e4,4500 Nykøbing Sj,8769,2017-06-29,Alm. Salg
Pilevangsvej 36,3,Sommerhus,35,1974,0,1995e3,4500 Nykøbing Sj,57e3,2017-06-29,Alm. Salg
Soldalen 43,4,Sommerhus,71,2011,-0.04,1535e3,4500 Nykøbing Sj,21619,2017-06-27,Alm. Salg
Burvænget 33,3,Sommerhus,62,2004,-0.04,165e4,4500 Nykøbing Sj,26612,2017-06-25,Alm. Salg
Bakkevænget 8,5,Sommerhus,82,1963,NA,537075,4500 Nykøbing Sj,6549,2017-06-24,Alm. Salg
Poppelvænget 20,4,Sommerhus,71,1969,0.01,37e4,4500 Nykøbing Sj,5211,2017-06-23,Alm. Salg
Strandvangen 23,4,Sommerhus,52,1942,NA,272e3,4500 Nykøbing Sj,5230,2017-06-23,Andet
Svinget 14,2,Sommerhus,42,1957,-0.08,5e5,4500 Nykøbing Sj,11904,2017-06-22,Alm. Salg
Fredensvej 6,3,Sommerhus,40,1964,0,645e3,4500 Nykøbing Sj,16125,2017-06-22,Alm. Salg
Søkrogen 5,4,Sommerhus,73,1973,NA,485e3,4500 Nykøbing Sj,6643,2017-06-22,Alm. Salg
Stormbakkevej 22,3,Sommerhus,57,1968,-0.01,736e3,4500 Nykøbing Sj,12912,2017-06-21,Alm. Salg
Soldalen 5,4,Sommerhus,76,1972,-0.04,89e4,4500 Nykøbing Sj,11710,2017-06-21,Alm. Salg
Strandmosevej 20,3,Sommerhus,66,2003,-0.03,116e4,4500 Nykøbing Sj,17575,2017-06-20,Alm. Salg
Strandparken 14,4,Sommerhus,87,1968,-0.09,2085e3,4500 Nykøbing Sj,23965,2017-06-16,Alm. Salg
Snedkerkrogen 7,4,Sommerhus,76,1979,-0.06,14e5,4500 Nykøbing Sj,18421,2017-06-16,Alm. Salg
Mågevej 4,2,Sommerhus,24,1940,-0.11,35e4,4500 Nykøbing Sj,14583,2017-06-15,Alm. Salg
Ravnebakken 7,5,Sommerhus,111,1977,-0.07,7e5,4500 Nykøbing Sj,6306,2017-06-15,Alm. Salg
Ravnekærsvej 4,6,Sommerhus,75,1972,-0.03,95e4,4500 Nykøbing Sj,12666,2017-06-15,Alm. Salg
Lærkeengen 2,3,Sommerhus,58,1974,-0.06,75e4,4500 Nykøbing Sj,12931,2017-06-15,Alm. Salg
Birkestien 10,3,Sommerhus,65,1962,NA,580125,4500 Nykøbing Sj,8925,2017-06-15,Fam. Salg
Moselodden 9,3,Sommerhus,59,1967,0,66e4,4500 Nykøbing Sj,11186,2017-06-14,Alm. Salg
Birkevangen 19,3,Sommerhus,36,1941,-0.4,6e5,4500 Nykøbing Sj,16666,2017-06-13,Alm. Salg
Brunhøj Strandvej 15,4,Sommerhus,81,1937,NA,34e5,4500 Nykøbing Sj,41975,2017-06-12,Fam. Salg
Lyngengen 34,5,Sommerhus,116,2006,NA,1232500,4500 Nykøbing Sj,10625,2017-06-12,Fam. Salg
Rosendalen 42,3,Sommerhus,38,1969,-0.18,365e3,4500 Nykøbing Sj,9605,2017-06-12,Alm. Salg
Flyvesandsvænget 15,5,Sommerhus,140,1973,-0.1,18e5,4500 Nykøbing Sj,12857,2017-06-09,Alm. Salg
Sleipnersvej 35,4,Sommerhus,96,1995,-0.04,2875e3,4500 Nykøbing Sj,29947,2017-06-09,Alm. Salg
Urtevej 2,3,Sommerhus,54,1963,-0.07,925e3,4500 Nykøbing Sj,17129,2017-06-09,Alm. Salg
Birkekrogen 2,4,Sommerhus,70,1982,-0.15,85e4,4500 Nykøbing Sj,12142,2017-06-08,Alm. Salg
Vibo Hovedvej 17,3,Sommerhus,61,1959,-0.02,1065e3,4500 Nykøbing Sj,17459,2017-06-07,Alm. Salg
Ved Volden 8,4,Sommerhus,73,1980,NA,75e4,4500 Nykøbing Sj,10273,2017-06-06,Alm. Salg
Fårefoldvej 3,4,Sommerhus,54,1981,0.02,665e3,4500 Nykøbing Sj,12314,2017-06-04,Alm. Salg
Ingeborgsvænge 3,3,Sommerhus,75,2006,-0.02,1275e3,4500 Nykøbing Sj,17e3,2017-06-03,Alm. Salg
Østergårdsvej 46,4,Sommerhus,93,2001,-0.03,145e4,4500 Nykøbing Sj,15591,2017-06-02,Alm. Salg
Thorsvej 40,3,Sommerhus,60,1939,-0.08,915e3,4500 Nykøbing Sj,15250,2017-06-01,Alm. Salg
Chr Petersensvej 30,4,Sommerhus,67,1988,NA,1149250,4500 Nykøbing Sj,17152,2017-06-01,Fam. Salg
Plantagekrogen 5,4,Sommerhus,82,1976,-0.08,11e5,4500 Nykøbing Sj,13414,2017-06-01,Alm. Salg
Klintebjergvej 20,3,Sommerhus,58,1969,-0.04,1005e3,4500 Nykøbing Sj,17327,2017-06-01,Alm. Salg
Lynggårdsvej 15,3,Sommerhus,46,2015,0.26,1255e3,4500 Nykøbing Sj,27282,2017-06-01,Alm. Salg
Bakkekrogen 3,6,Sommerhus,88,1972,-0.11,775e3,4500 Nykøbing Sj,8806,2017-05-31,Alm. Salg
Kirchheinersvej 78,2,Sommerhus,21,1933,NA,13e5,4500 Nykøbing Sj,61904,2017-05-30,Alm. Salg
Vesterled 16,3,Sommerhus,60,1974,-0.05,123e4,4500 Nykøbing Sj,20500,2017-05-30,Alm. Salg
Borgmestervænget 23,3,Sommerhus,60,1971,NA,1075e3,4500 Nykøbing Sj,17916,2017-05-30,Alm. Salg
Borchertsvej 9,3,Sommerhus,41,1959,0,1095e3,4500 Nykøbing Sj,26707,2017-05-29,Alm. Salg
Kirchheinersvej 58,4,Sommerhus,56,1984,-0.1,125e4,4500 Nykøbing Sj,22321,2017-05-26,Alm. Salg
Kaj Rasksvej 2,3,Sommerhus,85,1975,-0.01,74e4,4500 Nykøbing Sj,8705,2017-05-25,Alm. Salg
Kirsebærhegnet 4,5,Sommerhus,90,1966,NA,907e3,4500 Nykøbing Sj,10077,2017-05-24,Andet
Ralstien 11,3,Sommerhus,45,1971,NA,385e3,4500 Nykøbing Sj,8555,2017-05-22,Alm. Salg
Gl Ebbeløkkevej 16,3,Sommerhus,38,1924,-0.44,9e5,4500 Nykøbing Sj,23684,2017-05-22,Alm. Salg
Farmaceutstien 13,5,Sommerhus,40,1968,-0.06,585e3,4500 Nykøbing Sj,14625,2017-05-22,Alm. Salg
Bakkevænget 34,3,Sommerhus,56,1966,0,45e4,4500 Nykøbing Sj,8035,2017-05-19,Alm. Salg
Mejsebakken 7,1,Sommerhus,20,1966,-0.04,38e4,4500 Nykøbing Sj,19e3,2017-05-19,Alm. Salg
Kløvermarken 32,2,Sommerhus,23,1967,NA,417e3,4500 Nykøbing Sj,18130,2017-05-18,Fam. Salg
Ndr Skovvej 19,4,Sommerhus,64,1977,NA,275e3,4500 Nykøbing Sj,4296,2017-05-17,Alm. Salg
Birkekrogen 10B,5,Sommerhus,77,1974,-0.07,925e3,4500 Nykøbing Sj,12012,2017-05-17,Alm. Salg
Lynggårdsvej 27,4,Sommerhus,90,2010,-0.03,175e4,4500 Nykøbing Sj,19444,2017-05-17,Alm. Salg
Kørvelsvej 23,3,Sommerhus,58,1952,NA,420500,4500 Nykøbing Sj,7250,2017-05-16,Fam. Salg
Udlodden 42,3,Sommerhus,58,1977,-0.13,605e3,4500 Nykøbing Sj,10431,2017-05-14,Alm. Salg
Sønderdalen 6,4,Sommerhus,45,1974,-0.03,56e4,4500 Nykøbing Sj,12444,2017-05-12,Alm. Salg
Havstien 7,4,Sommerhus,68,1961,NA,1275e3,4500 Nykøbing Sj,18750,2017-05-11,Fam. Salg
Østerlyngvej 129,4,Sommerhus,83,1979,-0.03,1235e3,4500 Nykøbing Sj,14879,2017-05-11,Alm. Salg
Tranebærvej 40,3,Sommerhus,63,1974,NA,5e5,4500 Nykøbing Sj,7936,2017-05-11,Alm. Salg
Slåenhækken 6,3,Sommerhus,55,1968,0,875e3,4500 Nykøbing Sj,15909,2017-05-10,Alm. Salg
Karlasvej 7,4,Sommerhus,83,2001,-0.03,18e5,4500 Nykøbing Sj,21686,2017-05-10,Alm. Salg
Odinsvej 7,4,Sommerhus,86,2003,0.05,2417e3,4500 Nykøbing Sj,28104,2017-05-10,Alm. Salg
Margueritevej 20,4,Sommerhus,84,1970,NA,212500,4500 Nykøbing Sj,2529,2017-05-10,Alm. Salg
Thorsvej 48,4,Sommerhus,67,1990,-0.15,85e4,4500 Nykøbing Sj,12686,2017-05-09,Alm. Salg
Margueritevej 14,4,Sommerhus,80,1968,-0.06,825e3,4500 Nykøbing Sj,10312,2017-05-09,Alm. Salg
Olivenvej 2,4,Sommerhus,58,1961,-0.15,42e4,4500 Nykøbing Sj,7241,2017-05-09,Alm. Salg
Overdrevsvej 2,4,Sommerhus,67,1969,-0.05,78e4,4500 Nykøbing Sj,11641,2017-05-08,Alm. Salg
Skovbovej 42,4,Sommerhus,84,2006,0,1645e3,4500 Nykøbing Sj,19583,2017-05-08,Alm. Salg
Højdetoften 5,4,Sommerhus,60,1957,NA,586500,4500 Nykøbing Sj,9775,2017-05-08,Fam. Salg
Bakkevænget 9,5,Sommerhus,104,1976,NA,85e4,4500 Nykøbing Sj,8173,2017-05-03,Alm. Salg
Søndre Strandvej 11,3,Sommerhus,74,1977,-0.06,14e5,4500 Nykøbing Sj,18918,2017-05-02,Alm. Salg
Mågevej 14,4,Sommerhus,52,1964,0,395e3,4500 Nykøbing Sj,7596,2017-05-02,Alm. Salg
Vindingsvej 16,4,Sommerhus,80,1971,0,675e3,4500 Nykøbing Sj,8437,2017-05-02,Alm. Salg
Koralvej 12,3,Sommerhus,89,2001,-0.06,11e5,4500 Nykøbing Sj,12359,2017-05-02,Alm. Salg
Nordstrandsvej 116,3,Sommerhus,63,1975,-0.04,1145e3,4500 Nykøbing Sj,18174,2017-05-01,Alm. Salg
Hedevej 7,3,Sommerhus,40,1945,-0.05,62e4,4500 Nykøbing Sj,15500,2017-04-29,Alm. Salg
Stokrosevej 23,3,Sommerhus,50,1962,0,1495e3,4500 Nykøbing Sj,29900,2017-04-27,Alm. Salg
Sleipnersvej 58,3,Sommerhus,50,1962,-0.05,17e5,4500 Nykøbing Sj,34e3,2017-04-25,Alm. Salg
Hjortevænget 4,3,Sommerhus,75,1959,0.08,1375e3,4500 Nykøbing Sj,18333,2017-04-24,Alm. Salg
Østerlyngvej 120,3,Sommerhus,57,1974,-0.05,595e3,4500 Nykøbing Sj,10438,2017-04-24,Alm. Salg
Koralvej 14,4,Sommerhus,88,1968,-0.05,9e5,4500 Nykøbing Sj,10227,2017-04-24,Alm. Salg
Klintebjergvej 18,2,Sommerhus,60,1968,-0.12,7e5,4500 Nykøbing Sj,11666,2017-04-24,Alm. Salg
Klokkelyngvej 12,4,Sommerhus,74,1937,NA,72e5,4500 Nykøbing Sj,97297,2017-04-21,Fam. Salg
Blålyngvej 21,3,Sommerhus,70,1978,-0.29,35e4,4500 Nykøbing Sj,5e3,2017-04-21,Alm. Salg
Skærbyvangen 7,3,Sommerhus,60,1965,-0.06,65e4,4500 Nykøbing Sj,10833,2017-04-21,Alm. Salg
Grønnevej 12,4,Sommerhus,101,2008,-0.12,16e5,4500 Nykøbing Sj,15841,2017-04-20,Alm. Salg
Tværlodden 2,2,Sommerhus,45,1961,NA,4e5,4500 Nykøbing Sj,8888,2017-04-20,Alm. Salg
Vibo Hovedvej 11,3,Sommerhus,72,1952,NA,975e3,4500 Nykøbing Sj,13541,2017-04-19,Alm. Salg
Vedhammerbakken 10,3,Sommerhus,46,1968,-0.01,685e3,4500 Nykøbing Sj,14891,2017-04-19,Alm. Salg
Nybovej 10,3,Sommerhus,56,1964,NA,569500,4500 Nykøbing Sj,10169,2017-04-18,Fam. Salg
Pajesøvej 13,4,Sommerhus,101,2008,NA,775e3,4500 Nykøbing Sj,7673,2017-04-18,Fam. Salg
Ved Volden 15,1,Sommerhus,54,1942,-0.05,565e3,4500 Nykøbing Sj,10462,2017-04-14,Alm. Salg
Solåsen 1,3,Sommerhus,56,1971,-0.03,126e4,4500 Nykøbing Sj,22500,2017-04-13,Alm. Salg
Skærbyhøjvej 17,2,Sommerhus,22,1956,0,575e3,4500 Nykøbing Sj,26136,2017-04-10,Alm. Salg
Laur Jensensvej 14,3,Sommerhus,44,1974,0,395e3,4500 Nykøbing Sj,8977,2017-04-06,Alm. Salg
Vestvej 34,6,Sommerhus,125,1958,NA,2507500,4500 Nykøbing Sj,20060,2017-04-05,Fam. Salg
Margueritevej 41,3,Sommerhus,51,1974,-0.04,6e5,4500 Nykøbing Sj,11764,2017-04-05,Alm. Salg
Lyngengen 1,4,Sommerhus,101,2003,-0.07,21e5,4500 Nykøbing Sj,20792,2017-04-04,Alm. Salg
Mølleåsen 15,3,Sommerhus,58,1978,0,1095e3,4500 Nykøbing Sj,18879,2017-04-01,Alm. Salg
Blåbærstien 10,5,Sommerhus,89,1967,-0.12,525e3,4500 Nykøbing Sj,5898,2017-04-01,Alm. Salg
Ellevej 15,4,Sommerhus,57,1972,-0.03,825e3,4500 Nykøbing Sj,14473,2017-03-31,Alm. Salg
Fasanengen 14,3,Sommerhus,45,1973,0,495e3,4500 Nykøbing Sj,11e3,2017-03-31,Alm. Salg
Klintvej 47,2,Sommerhus,53,2007,NA,815e3,4500 Nykøbing Sj,15377,2017-03-31,Alm. Salg
Bøsserup Eng 16,3,Sommerhus,72,1998,-0.07,975e3,4500 Nykøbing Sj,13541,2017-03-30,Alm. Salg
Klintvej 87,2,Sommerhus,35,1983,0,495e3,4500 Nykøbing Sj,14142,2017-03-29,Alm. Salg
Fredensvej 4,2,Sommerhus,37,1962,NA,25e4,4500 Nykøbing Sj,6756,2017-03-26,Alm. Salg
Græslodden 15,3,Sommerhus,37,1961,0,395e3,4500 Nykøbing Sj,10675,2017-03-25,Alm. Salg
Stranderbovej 16,3,Sommerhus,64,1994,-0.06,15e5,4500 Nykøbing Sj,23437,2017-03-24,Alm. Salg
Skovbrynet 9,4,Sommerhus,111,2007,NA,18e5,4500 Nykøbing Sj,16216,2017-03-24,Alm. Salg
Klint Strandvej 33,2,Sommerhus,50,1951,-0.05,615e3,4500 Nykøbing Sj,12300,2017-03-21,Alm. Salg
Folmer Larsensvej 22,4,Sommerhus,60,1970,-0.12,83e4,4500 Nykøbing Sj,13833,2017-03-20,Alm. Salg
Skovdalen 32,2,Sommerhus,45,1942,NA,835e3,4500 Nykøbing Sj,18555,2017-03-18,Alm. Salg
Tovesvej 6,3,Sommerhus,77,1968,-0.08,1099e3,4500 Nykøbing Sj,14272,2017-03-17,Alm. Salg
Vestvej 31,5,Sommerhus,80,1948,0.05,1355e3,4500 Nykøbing Sj,16937,2017-03-16,Alm. Salg
Moselodden 16,4,Sommerhus,74,1973,-0.08,6e5,4500 Nykøbing Sj,8108,2017-03-15,Alm. Salg
Nyrup Huse 20,3,Sommerhus,73,1987,-0.11,395e3,4500 Nykøbing Sj,5410,2017-03-14,Alm. Salg
Nyvej 9,4,Sommerhus,51,1960,NA,595e3,4500 Nykøbing Sj,11666,2017-03-12,Fam. Salg
Klitrosevej 20,5,Sommerhus,88,1959,NA,816e3,4500 Nykøbing Sj,9272,2017-03-10,Fam. Salg
Rævevej 6,2,Sommerhus,51,1965,-0.11,1e6,4500 Nykøbing Sj,19607,2017-03-08,Alm. Salg
Egevang 15,3,Sommerhus,52,1923,-0.06,65e4,4500 Nykøbing Sj,12500,2017-03-08,Alm. Salg
Sandstien 4,2,Sommerhus,50,1959,NA,275e3,4500 Nykøbing Sj,5500,2017-03-01,Alm. Salg
Ravnekærsvej 6,3,Sommerhus,122,1974,-0.09,68e4,4500 Nykøbing Sj,5573,2017-02-28,Alm. Salg
Soldalen 48,4,Sommerhus,52,1951,NA,95e4,4500 Nykøbing Sj,18269,2017-02-27,Alm. Salg
Keramikvej 12,3,Sommerhus,98,2011,NA,804e3,4500 Nykøbing Sj,8204,2017-02-27,Auktion
Søengen 3,4,Sommerhus,99,1975,-0.07,925e3,4500 Nykøbing Sj,9343,2017-02-24,Alm. Salg
Soldalen 53,5,Sommerhus,92,1942,NA,1317500,4500 Nykøbing Sj,14320,2017-02-23,Fam. Salg
Bøsserup Bakke 12,4,Sommerhus,102,1967,NA,65e4,4500 Nykøbing Sj,6372,2017-02-23,Alm. Salg
Moselodden 10,3,Sommerhus,59,1977,-0.03,675e3,4500 Nykøbing Sj,11440,2017-02-23,Alm. Salg
Vesterlyngvej 69,5,Sommerhus,119,1957,-0.43,225e3,4500 Nykøbing Sj,1890,2017-02-20,Alm. Salg
Chr Petersensvej 59,4,Sommerhus,58,1960,0,1495e3,4500 Nykøbing Sj,25775,2017-02-16,Alm. Salg
Ved Volden 27,2,Sommerhus,40,1940,NA,29e4,4500 Nykøbing Sj,7250,2017-02-16,Andet
Møstaaen 6,2,Sommerhus,93,2003,0,11e5,4500 Nykøbing Sj,11827,2017-02-15,Alm. Salg
Søager 9,5,Sommerhus,80,1964,-0.14,31e5,4500 Nykøbing Sj,38750,2017-02-13,Alm. Salg
Birkehækken 6,4,Sommerhus,55,1964,NA,276e3,4500 Nykøbing Sj,5018,2017-02-13,Alm. Salg
Keramikvej 29,4,Sommerhus,68,1965,-0.37,631e3,4500 Nykøbing Sj,9279,2017-02-10,Alm. Salg
Folmer Larsensvej 4,3,Sommerhus,42,1972,0.01,35e4,4500 Nykøbing Sj,8333,2017-02-09,Alm. Salg
Drosselholm Engvej 2,4,Sommerhus,121,1970,-0.12,55e4,4500 Nykøbing Sj,4545,2017-02-07,Alm. Salg
Mangovej 4,3,Sommerhus,60,1967,NA,317e3,4500 Nykøbing Sj,5283,2017-02-07,Alm. Salg
Klintvej 38,3,Sommerhus,53,1962,NA,646e3,4500 Nykøbing Sj,12188,2017-02-03,Fam. Salg
Egevang 9,4,Sommerhus,50,1965,-0.41,35e4,4500 Nykøbing Sj,7e3,2017-02-03,Alm. Salg
Blåbærvej 26,5,Sommerhus,54,1937,NA,97e4,4500 Nykøbing Sj,17962,2017-02-02,Alm. Salg
Klintvej 86,3,Sommerhus,87,1961,NA,175e4,4500 Nykøbing Sj,20114,2017-02-02,Fam. Salg
Klintvej 17,3,Sommerhus,81,1962,-0.07,6e5,4500 Nykøbing Sj,7407,2017-01-31,Alm. Salg
Sandlodden 1,5,Sommerhus,80,1978,0.01,136e4,4500 Nykøbing Sj,17e3,2017-01-30,Alm. Salg
Lærkedalen 4,4,Sommerhus,64,1978,NA,166259,4500 Nykøbing Sj,2597,2017-01-29,Fam. Salg
Egebjerg Mark 9,5,Sommerhus,85,1979,NA,665e3,4500 Nykøbing Sj,7823,2017-01-29,Alm. Salg
Mosesvinget 3,2,Sommerhus,40,1966,NA,275e3,4500 Nykøbing Sj,6875,2017-01-26,Fam. Salg
Moselodden 11,5,Sommerhus,80,1967,-0.04,475e3,4500 Nykøbing Sj,5937,2017-01-25,Alm. Salg
Skovduevej 20,2,Sommerhus,72,1954,NA,65e4,4500 Nykøbing Sj,9027,2017-01-24,Fam. Salg
Søvang 40,3,Sommerhus,50,1971,-0.13,68e4,4500 Nykøbing Sj,13600,2017-01-20,Alm. Salg
Ndr Skovvej 11,2,Sommerhus,50,1987,-0.29,35e4,4500 Nykøbing Sj,7e3,2017-01-18,Alm. Salg
Mellemvej 28,3,Sommerhus,55,1943,NA,799e3,4500 Nykøbing Sj,14527,2017-01-16,Fam. Salg
Fyrrevænget 11,5,Sommerhus,96,1976,NA,1147500,4500 Nykøbing Sj,11953,2017-01-15,Alm. Salg
Tømrerbakken 6,3,Sommerhus,55,1976,-0.04,67e4,4500 Nykøbing Sj,12181,2017-01-13,Alm. Salg
Søvænget 30,3,Sommerhus,40,1966,-0.14,425e3,4500 Nykøbing Sj,10625,2017-01-12,Alm. Salg
Sleipnersvej 39C,4,Sommerhus,85,1985,NA,897e3,4500 Nykøbing Sj,10552,2017-01-11,Fam. Salg
Drosselholm Skovvej 32,3,Sommerhus,55,1984,-0.16,5e5,4500 Nykøbing Sj,9090,2017-01-09,Alm. Salg
Thujavej 7,2,Sommerhus,40,1971,0.33,2e5,4500 Nykøbing Sj,5e3,2017-01-06,Alm. Salg
Mølleengvej 18,4,Sommerhus,81,1986,NA,47e5,4500 Nykøbing Sj,58024,2017-01-04,Alm. Salg
Poppelvænget 5,3,Sommerhus,86,1971,NA,8e5,4500 Nykøbing Sj,9302,2017-01-02,Alm. Salg
Brombærstien 14,3,Sommerhus,48,1970,-0.06,825e3,4500 Nykøbing Sj,17187,2017-01-02,Alm. Salg
Astavej 14A,6,Sommerhus,136,1960,NA,695e3,4500 Nykøbing Sj,5110,2017-01-02,Fam. Salg
Vesterled 14,3,Sommerhus,37,1952,NA,35e4,4500 Nykøbing Sj,9459,2017-01-01,Fam. Salg
Ralstien 25,3,Sommerhus,70,1962,NA,722500,4500 Nykøbing Sj,10321,2016-12-30,Alm. Salg
Pajesø Strandvej 10,3,Sommerhus,60,1990,NA,17e5,4500 Nykøbing Sj,28333,2016-12-28,Alm. Salg
Soldalen 53,5,Sommerhus,92,1942,NA,1317500,4500 Nykøbing Sj,14320,2016-12-26,Fam. Salg
Graudebjergvej 16,4,Sommerhus,84,1974,NA,2002e3,4500 Nykøbing Sj,23833,2016-12-21,Alm. Salg
Bjergmosevej 3,5,Sommerhus,124,1990,NA,544e3,4500 Nykøbing Sj,4387,2016-12-21,Fam. Salg
Brunhøj Skovvej 10,5,Sommerhus,109,1969,NA,1237e3,4500 Nykøbing Sj,11348,2016-12-21,Fam. Salg
Lars Krandsvej 5,4,Sommerhus,76,1977,NA,816e3,4500 Nykøbing Sj,10736,2016-12-21,Fam. Salg
Lyngdalen 13,5,Sommerhus,52,1967,NA,544e3,4500 Nykøbing Sj,10461,2016-12-21,Fam. Salg
Skærbyhøjvej 3,4,Sommerhus,80,2001,NA,119e4,4500 Nykøbing Sj,14875,2016-12-20,Alm. Salg
Vibo Sydvej 14,5,Sommerhus,101,2007,NA,478402,4500 Nykøbing Sj,4736,2016-12-20,Alm. Salg
Brunhøj Skovvej 9,5,Sommerhus,74,1958,NA,1105e3,4500 Nykøbing Sj,14932,2016-12-20,Fam. Salg
Rosendalen 4A,3,Sommerhus,57,1930,-0.14,425e3,4500 Nykøbing Sj,7456,2016-12-20,Alm. Salg
Klitrosevej 16,5,Sommerhus,43,1942,NA,816e3,4500 Nykøbing Sj,18976,2016-12-19,Fam. Salg
Nybovej 6,3,Sommerhus,75,1960,NA,3e5,4500 Nykøbing Sj,4e3,2016-12-18,Alm. Salg
Mølleåsen 6,3,Sommerhus,57,1986,NA,125e4,4500 Nykøbing Sj,21929,2016-12-16,Alm. Salg
Mårstien 1B,3,Sommerhus,55,1976,-0.14,1375e3,4500 Nykøbing Sj,25e3,2016-12-15,Alm. Salg
Vedhammervej 15,5,Sommerhus,59,1964,-0.13,13e5,4500 Nykøbing Sj,22033,2016-12-14,Alm. Salg
Klintvej 113,3,Sommerhus,65,1964,-0.14,6e5,4500 Nykøbing Sj,9230,2016-12-14,Alm. Salg
Ved Skoven 21,3,Sommerhus,74,2011,NA,667500,4500 Nykøbing Sj,9020,2016-12-14,Alm. Salg
Vedhammervej 3,3,Sommerhus,85,1972,0,1495e3,4500 Nykøbing Sj,17588,2016-12-12,Alm. Salg
Snerlevej 3,3,Sommerhus,52,1973,-0.07,65e4,4500 Nykøbing Sj,12500,2016-12-12,Alm. Salg
Nyrup Huse 18,3,Sommerhus,55,1968,NA,4e5,4500 Nykøbing Sj,7272,2016-12-09,Fam. Salg
Skippervej 16,4,Sommerhus,56,1968,NA,527e3,4500 Nykøbing Sj,9410,2016-12-07,Alm. Salg
Hedevej 4,4,Sommerhus,65,1952,NA,5e5,4500 Nykøbing Sj,7692,2016-12-07,Alm. Salg
Vidarsalle 1,2,Sommerhus,40,1965,-0.08,55e4,4500 Nykøbing Sj,13750,2016-12-07,Alm. Salg
Fiskebakken 4,4,Sommerhus,78,1977,-0.14,345e4,4500 Nykøbing Sj,44230,2016-12-06,Alm. Salg
Nordre Strandvej 18,3,Sommerhus,75,1976,-0.11,325e4,4500 Nykøbing Sj,43333,2016-12-06,Alm. Salg
Tangvej 5,4,Sommerhus,78,2003,-0.08,1975e3,4500 Nykøbing Sj,25320,2016-12-02,Alm. Salg
Bøsserup Strand 1,5,Sommerhus,216,1986,-0.16,125e4,4500 Nykøbing Sj,5787,2016-11-28,Alm. Salg
Brombærvej 45,3,Sommerhus,47,1967,NA,41e4,4500 Nykøbing Sj,8723,2016-11-25,Alm. Salg
Pilelunden 11,3,Sommerhus,45,1964,NA,2e5,4500 Nykøbing Sj,4444,2016-11-24,Alm. Salg
Provisorvej 23,3,Sommerhus,60,1957,-0.12,57e4,4500 Nykøbing Sj,9500,2016-11-24,Alm. Salg
Søager 5,3,Sommerhus,72,2001,-0.05,175e4,4500 Nykøbing Sj,24305,2016-11-22,Alm. Salg
Vibo Hovedvej 23,4,Sommerhus,86,1955,NA,837500,4500 Nykøbing Sj,9738,2016-11-22,Alm. Salg
Englandsvej 11,3,Sommerhus,35,1963,-0.25,1263e3,4500 Nykøbing Sj,36085,2016-11-22,Alm. Salg
Bragesalle 3,3,Sommerhus,68,1965,-0.19,565e3,4500 Nykøbing Sj,8308,2016-11-22,Alm. Salg
Klint Strandvej 60,3,Sommerhus,71,2006,-0.06,215e4,4500 Nykøbing Sj,30281,2016-11-21,Alm. Salg
Thorsvej 67,5,Sommerhus,92,2000,NA,185e4,4500 Nykøbing Sj,20108,2016-11-20,Fam. Salg
Østergårdsvej 38,4,Sommerhus,54,1981,-0.04,67e4,4500 Nykøbing Sj,12407,2016-11-18,Alm. Salg
Solkrogen 4,2,Sommerhus,42,1971,-0.22,45e4,4500 Nykøbing Sj,10714,2016-11-16,Alm. Salg
Skærbyvangen 14,6,Sommerhus,89,1965,NA,1147500,4500 Nykøbing Sj,12893,2016-11-16,Fam. Salg
Birkestien 1,5,Sommerhus,131,1962,-0.12,105e4,4500 Nykøbing Sj,8015,2016-11-16,Alm. Salg
Skippervej 27,3,Sommerhus,80,1974,-0.02,825e3,4500 Nykøbing Sj,10312,2016-11-15,Alm. Salg
Dyrevænget 8,4,Sommerhus,114,2008,-0.07,214e4,4500 Nykøbing Sj,18771,2016-11-14,Alm. Salg
Gyvelvej 39,4,Sommerhus,93,1953,NA,15e5,4500 Nykøbing Sj,16129,2016-11-14,Alm. Salg
Rotoftevej 35,5,Sommerhus,100,1940,-0.05,9e5,4500 Nykøbing Sj,9e3,2016-11-14,Alm. Salg
Blommehegnet 6,3,Sommerhus,52,1960,NA,484e3,4500 Nykøbing Sj,9307,2016-11-14,Auktion
Drosselholmvej 10,5,Sommerhus,88,1969,-0.38,45e4,4500 Nykøbing Sj,5113,2016-11-14,Auktion
Skovsvinget 13,2,Sommerhus,49,1963,NA,58e4,4500 Nykøbing Sj,11836,2016-11-13,Fam. Salg
Enebærvej 22,2,Sommerhus,30,1968,NA,255e3,4500 Nykøbing Sj,8500,2016-11-11,Fam. Salg
Klintetoppen 35,5,Sommerhus,147,2009,-0.09,2375e3,4500 Nykøbing Sj,16156,2016-11-09,Alm. Salg
Møststien 5,3,Sommerhus,70,1975,0,545e3,4500 Nykøbing Sj,7785,2016-11-08,Alm. Salg
Klintvej 23,4,Sommerhus,65,1884,-0.6,2e5,4500 Nykøbing Sj,3076,2016-11-07,Alm. Salg
Bogfinkevej 8,3,Sommerhus,47,1963,-0.14,34e4,4500 Nykøbing Sj,7234,2016-11-07,Alm. Salg
Kratvej 11,3,Sommerhus,77,1986,-0.08,101e4,4500 Nykøbing Sj,13116,2016-11-04,Alm. Salg
Strandmosevej 26,4,Sommerhus,47,1939,-0.06,131e4,4500 Nykøbing Sj,27872,2016-11-04,Alm. Salg
Bøsserup Mark 36,4,Sommerhus,107,1850,-0.1,45e5,4500 Nykøbing Sj,42056,2016-11-03,Alm. Salg
Drosselholm Engvej 30,4,Sommerhus,85,1970,NA,504413,4500 Nykøbing Sj,5934,2016-10-31,Fam. Salg
Udlodden 41,4,Sommerhus,63,1986,-0.12,88e4,4500 Nykøbing Sj,13968,2016-10-27,Alm. Salg
Møstaaen 10,3,Sommerhus,55,1970,0,725e3,4500 Nykøbing Sj,13181,2016-10-26,Alm. Salg
Polyfotovej 5,3,Sommerhus,48,1953,-0.14,685e3,4500 Nykøbing Sj,14270,2016-10-26,Alm. Salg
Hugormevej 4,4,Sommerhus,112,1955,-0.1,153e4,4500 Nykøbing Sj,13660,2016-10-26,Alm. Salg
Ahornvej 9,3,Sommerhus,45,1975,NA,544e3,4500 Nykøbing Sj,12088,2016-10-25,Fam. Salg
Fiskebakken 1,3,Sommerhus,50,1963,-0.04,1252e3,4500 Nykøbing Sj,25040,2016-10-25,Alm. Salg
Bakkevænget 13,3,Sommerhus,52,1967,-0.2,438e3,4500 Nykøbing Sj,8423,2016-10-20,Alm. Salg
Vestervangsvej 8,3,Sommerhus,81,1979,-0.03,135e4,4500 Nykøbing Sj,16666,2016-10-20,Alm. Salg
Skærbyholmsvej 10,3,Sommerhus,54,1940,0,895e3,4500 Nykøbing Sj,16574,2016-10-20,Alm. Salg
Oddenvej 133,3,Sommerhus,40,1957,NA,15e4,4500 Nykøbing Sj,3750,2016-10-18,Fam. Salg
Drosselholm Engvej 28,3,Sommerhus,42,1957,NA,113450,4500 Nykøbing Sj,2701,2016-10-18,Fam. Salg
Nyrup Huse 16,4,Sommerhus,74,1969,NA,3e5,4500 Nykøbing Sj,4054,2016-10-18,Fam. Salg
Solbærstien 3,4,Sommerhus,49,1943,NA,6e5,4500 Nykøbing Sj,12244,2016-10-17,Fam. Salg
Kirchheinersvej 72,3,Sommerhus,68,1917,-0.12,37e5,4500 Nykøbing Sj,54411,2016-10-17,Alm. Salg
Bøsserup Høj 8,4,Sommerhus,87,2005,NA,115e4,4500 Nykøbing Sj,13218,2016-10-14,Alm. Salg
Ådalen 3,4,Sommerhus,107,2013,-0.09,1143500,4500 Nykøbing Sj,10686,2016-10-14,Alm. Salg
Skovduevej 33,3,Sommerhus,50,1943,NA,646e3,4500 Nykøbing Sj,12920,2016-10-12,Fam. Salg
Hvidtjørnevej 4,2,Sommerhus,48,1955,-0.08,825e3,4500 Nykøbing Sj,17187,2016-10-12,Alm. Salg
Snedkerkrogen 16,4,Sommerhus,59,1977,-0.11,115e4,4500 Nykøbing Sj,19491,2016-10-11,Alm. Salg
Jagtvej 4,4,Sommerhus,95,1961,NA,531500,4500 Nykøbing Sj,5594,2016-10-10,Fam. Salg
Pærestien 2,4,Sommerhus,68,1978,-0.07,835e3,4500 Nykøbing Sj,12279,2016-10-10,Alm. Salg
Pilevej 21,4,Sommerhus,71,1969,NA,212500,4500 Nykøbing Sj,2992,2016-10-07,Fam. Salg
Holst Skovvej 14,3,Sommerhus,37,1960,NA,2e5,4500 Nykøbing Sj,5405,2016-10-07,Fam. Salg
Brisevej 9A,3,Sommerhus,50,1981,-0.21,785e3,4500 Nykøbing Sj,15700,2016-10-06,Alm. Salg
Skærbyvangen 18,4,Sommerhus,90,2017,NA,35e4,4500 Nykøbing Sj,3888,2016-10-06,Alm. Salg
Lærkeengen 2,3,Sommerhus,58,1974,-0.62,3e5,4500 Nykøbing Sj,5172,2016-10-06,Alm. Salg
Vibeengen 6,5,Sommerhus,97,2007,-0.07,259e4,4500 Nykøbing Sj,26701,2016-10-04,Alm. Salg
Enebærvej 57,4,Sommerhus,66,1960,NA,19e5,4500 Nykøbing Sj,28787,2016-10-04,Alm. Salg
Pilevangsvej 13,4,Sommerhus,88,1970,NA,3e5,4500 Nykøbing Sj,3409,2016-10-03,Alm. Salg
Urtevej 4,3,Sommerhus,53,1972,-0.05,95e4,4500 Nykøbing Sj,17924,2016-10-01,Alm. Salg
Vestervangsvej 8,3,Sommerhus,81,1979,-0.75,35e4,4500 Nykøbing Sj,4320,2016-09-27,Alm. Salg
Tjørneholmvej 12,3,Sommerhus,63,1966,-0.1,7e5,4500 Nykøbing Sj,11111,2016-09-26,Alm. Salg
Fasanengen 18,3,Sommerhus,97,1973,-0.21,47e4,4500 Nykøbing Sj,4845,2016-09-26,Alm. Salg
Skærbyhøjvej 5,3,Sommerhus,80,1996,NA,1062500,4500 Nykøbing Sj,13281,2016-09-24,Fam. Salg
Koglevej 15,4,Sommerhus,66,1950,NA,35e4,4500 Nykøbing Sj,5303,2016-09-21,Fam. Salg
Hybenvej 13,5,Sommerhus,45,1942,NA,561e3,4500 Nykøbing Sj,12466,2016-09-21,Fam. Salg
Birkekrogen 10C,3,Sommerhus,84,1973,-0.03,965e3,4500 Nykøbing Sj,11488,2016-09-19,Alm. Salg
Tornbjergvej 17,4,Sommerhus,68,1970,NA,9e5,4500 Nykøbing Sj,13235,2016-09-17,Alm. Salg
Klintebjergvej 22,5,Sommerhus,67,1962,-0.03,77e4,4500 Nykøbing Sj,11492,2016-09-17,Alm. Salg
Ørnæsvej 19,5,Sommerhus,122,2003,-0.16,505e4,4500 Nykøbing Sj,41393,2016-09-17,Alm. Salg
Søvænget 25,3,Sommerhus,65,1968,-0.01,685e3,4500 Nykøbing Sj,10538,2016-09-15,Alm. Salg
Dyrehøj Strandvej 5,4,Sommerhus,90,1962,NA,401e4,4500 Nykøbing Sj,44555,2016-09-14,Alm. Salg
Damengen 30,4,Sommerhus,96,2010,-0.03,126e4,4500 Nykøbing Sj,13125,2016-09-09,Alm. Salg
Odderstien 3,3,Sommerhus,49,1971,-0.11,85e4,4500 Nykøbing Sj,17346,2016-09-09,Alm. Salg
Englandsbakken 13,3,Sommerhus,87,1980,-0.06,16e5,4500 Nykøbing Sj,18390,2016-09-07,Alm. Salg
Musvitvej 6,4,Sommerhus,89,2007,-0.08,1475e3,4500 Nykøbing Sj,16573,2016-09-05,Alm. Salg
Drosselholm Skovvej 23,3,Sommerhus,50,1969,NA,5e5,4500 Nykøbing Sj,1e4,2016-09-05,Alm. Salg
Bæverstien 4,3,Sommerhus,61,1976,-0.07,915e3,4500 Nykøbing Sj,15e3,2016-09-05,Alm. Salg
Jakobsvænge 3,5,Sommerhus,51,1954,-0.08,6e5,4500 Nykøbing Sj,11764,2016-09-04,Alm. Salg
Enggårdsvej 23,5,Sommerhus,61,1982,-0.02,775500,4500 Nykøbing Sj,12713,2016-09-02,Alm. Salg
Brombærvej 16,4,Sommerhus,80,1967,-0.06,1125e3,4500 Nykøbing Sj,14062,2016-09-01,Alm. Salg
Lumsås Strandvej 8,4,Sommerhus,95,1940,-0.14,945e3,4500 Nykøbing Sj,9947,2016-09-01,Alm. Salg
Sleipnersvej 17,3,Sommerhus,99,2017,0.08,7e5,4500 Nykøbing Sj,7070,2016-09-01,Alm. Salg
Kokkevang 4,3,Sommerhus,76,1965,-0.09,635e3,4500 Nykøbing Sj,8355,2016-09-01,Alm. Salg
Enebærvej 49,4,Sommerhus,60,1965,-0.11,1425e3,4500 Nykøbing Sj,23750,2016-08-31,Alm. Salg
Nørredalen 3,4,Sommerhus,50,1972,NA,4e5,4500 Nykøbing Sj,8e3,2016-08-30,Alm. Salg
Ydonsvej 1,2,Sommerhus,27,1990,NA,52e4,4500 Nykøbing Sj,19259,2016-08-28,Alm. Salg
Vindingsvej 22,4,Sommerhus,73,1998,NA,13e5,4500 Nykøbing Sj,17808,2016-08-28,Alm. Salg
Græshoppestien 3,4,Sommerhus,92,2014,NA,14e5,4500 Nykøbing Sj,15217,2016-08-26,Alm. Salg
Provisorvej 1,5,Sommerhus,45,1960,NA,276600,4500 Nykøbing Sj,6146,2016-08-25,Auktion
Platanvej 4,6,Sommerhus,104,1975,0.02,138e4,4500 Nykøbing Sj,13269,2016-08-25,Alm. Salg
Strandmosevej 11,3,Sommerhus,35,1964,NA,3e5,4500 Nykøbing Sj,8571,2016-08-24,Alm. Salg
Møstvej 14,4,Sommerhus,59,1977,NA,579650,4500 Nykøbing Sj,9824,2016-08-24,Fam. Salg
Vesterled 34,8,Sommerhus,149,1965,-0.01,1365e3,4500 Nykøbing Sj,9161,2016-08-22,Alm. Salg
Birkevangen 14,4,Sommerhus,50,1938,0,18e5,4500 Nykøbing Sj,36e3,2016-08-19,Alm. Salg
Bakkevænget 1,4,Sommerhus,50,1966,-0.11,61e4,4500 Nykøbing Sj,12200,2016-08-18,Alm. Salg
Sortspættevej 11,3,Sommerhus,93,1975,NA,645440,4500 Nykøbing Sj,6940,2016-08-18,Fam. Salg
Ved Skoven 19,3,Sommerhus,84,2014,-0.05,17e5,4500 Nykøbing Sj,20238,2016-08-18,Alm. Salg
Musvitvej 3,4,Sommerhus,101,2017,-0.19,4e5,4500 Nykøbing Sj,3960,2016-08-17,Alm. Salg
Strandmosevej 24,2,Sommerhus,36,1937,-0.05,105e4,4500 Nykøbing Sj,29166,2016-08-17,Alm. Salg
Bøsserup Vænge 7,1,Sommerhus,26,2015,NA,47e4,4500 Nykøbing Sj,18076,2016-08-17,Alm. Salg
Sigynsalle 3,3,Sommerhus,51,1970,NA,9e5,4500 Nykøbing Sj,17647,2016-08-16,Fam. Salg
Skovvej 23,3,Sommerhus,50,1969,-0.05,785e3,4500 Nykøbing Sj,15700,2016-08-15,Alm. Salg
Udlodden 22,3,Sommerhus,69,2004,0,1275e3,4500 Nykøbing Sj,18478,2016-08-13,Alm. Salg
Skovduevej 28,3,Sommerhus,40,1942,-0.17,7e5,4500 Nykøbing Sj,17500,2016-08-12,Alm. Salg
Egevænget 2,4,Sommerhus,58,1979,-0.06,75e4,4500 Nykøbing Sj,12931,2016-08-12,Alm. Salg
Klintvej 136,5,Sommerhus,93,2006,-0.03,14e5,4500 Nykøbing Sj,15053,2016-08-10,Alm. Salg
Klintehuse 18,3,Sommerhus,50,2008,-0.16,675e3,4500 Nykøbing Sj,13500,2016-08-05,Alm. Salg
Nakkehage Strandvej 35,3,Sommerhus,55,1964,-0.11,2e6,4500 Nykøbing Sj,36363,2016-08-04,Alm. Salg
Apotekerstien 25,3,Sommerhus,60,1968,0,845e3,4500 Nykøbing Sj,14083,2016-08-04,Alm. Salg
Bakkelodden 8,5,Sommerhus,90,1968,-0.24,3e5,4500 Nykøbing Sj,3333,2016-08-03,Alm. Salg
Enebærvej 4,4,Sommerhus,91,2007,-0.08,1655e3,4500 Nykøbing Sj,18186,2016-08-02,Alm. Salg
Fyrrelodden 2,2,Sommerhus,72,1970,-0.04,53e4,4500 Nykøbing Sj,7361,2016-08-01,Alm. Salg
Kirchheinersvej 52,4,Sommerhus,61,1996,-0.03,165e4,4500 Nykøbing Sj,27049,2016-08-01,Alm. Salg
Drosselholmvej 3,3,Sommerhus,60,1973,-0.08,735e3,4500 Nykøbing Sj,12250,2016-08-01,Alm. Salg
Rørvigvej 177,2,Sommerhus,35,1966,NA,4e5,4500 Nykøbing Sj,11428,2016-07-30,Alm. Salg
Linesvej 3,3,Sommerhus,65,1967,-0.05,805e3,4500 Nykøbing Sj,12384,2016-07-29,Alm. Salg
Gnaverstien 6,4,Sommerhus,72,1996,-0.03,102e4,4500 Nykøbing Sj,14166,2016-07-25,Alm. Salg
Nakkehage Strandvej 14,4,Sommerhus,62,1971,-0.11,125e4,4500 Nykøbing Sj,20161,2016-07-23,Alm. Salg
Musvitvej 8,3,Sommerhus,42,1969,NA,187e3,4500 Nykøbing Sj,4452,2016-07-23,Fam. Salg
Laur Nielsensvej 7,2,Sommerhus,21,1960,-0.25,41e4,4500 Nykøbing Sj,19523,2016-07-23,Alm. Salg
Kvædevej 5,2,Sommerhus,55,1942,-0.13,665e3,4500 Nykøbing Sj,12090,2016-07-22,Alm. Salg
Vinkelgårdsvej 13,3,Sommerhus,70,2001,-0.06,8e5,4500 Nykøbing Sj,11428,2016-07-20,Alm. Salg
Vedhammervej 4,11,Sommerhus,280,1777,NA,297396,4500 Nykøbing Sj,1062,2016-07-19,Alm. Salg
Drosselholm Skovvej 10,3,Sommerhus,78,1979,-0.04,56e4,4500 Nykøbing Sj,7179,2016-07-19,Alm. Salg
Vinkelgårdsvej 3,2,Sommerhus,30,1972,-0.08,43e4,4500 Nykøbing Sj,14333,2016-07-14,Alm. Salg
Bjerget 27,4,Sommerhus,143,2010,NA,2465e3,4500 Nykøbing Sj,17237,2016-07-14,Fam. Salg
Birkekrogen 12,3,Sommerhus,46,1975,NA,25e4,4500 Nykøbing Sj,5434,2016-07-13,Fam. Salg
Udlodden 37,3,Sommerhus,72,2003,NA,85e4,4500 Nykøbing Sj,11805,2016-07-12,Fam. Salg
Urtevej 5,3,Sommerhus,60,1972,NA,586500,4500 Nykøbing Sj,9775,2016-07-12,Fam. Salg
Linesvej 8,4,Sommerhus,75,1975,NA,7e5,4500 Nykøbing Sj,9333,2016-07-11,Fam. Salg
J P Smithsvej 6,4,Sommerhus,82,1967,-0.06,1315e3,4500 Nykøbing Sj,16036,2016-07-08,Alm. Salg
Askvej 10,3,Sommerhus,33,1996,-0.03,725e3,4500 Nykøbing Sj,21969,2016-07-07,Alm. Salg
Fr Schradersvej 5,6,Sommerhus,112,1974,0,55e5,4500 Nykøbing Sj,49107,2016-07-04,Alm. Salg
Brunhøj Lyngvej 3,2,Sommerhus,25,1978,NA,1295e3,4500 Nykøbing Sj,51800,2016-06-30,Alm. Salg
Søvænget 22,1,Sommerhus,21,1962,NA,175e3,4500 Nykøbing Sj,8333,2016-06-30,Alm. Salg
Drosselholm Skovvej 53,4,Sommerhus,77,1972,-0.08,64e4,4500 Nykøbing Sj,8311,2016-06-30,Alm. Salg
Øvej 1,4,Sommerhus,70,1975,-0.06,825e3,4500 Nykøbing Sj,11785,2016-06-29,Alm. Salg
Skærbyvangen 21A,5,Sommerhus,86,2005,-0.07,21e5,4500 Nykøbing Sj,24418,2016-06-28,Alm. Salg
Vibo Østvej 26,4,Sommerhus,89,1942,-0.06,235e4,4500 Nykøbing Sj,26404,2016-06-28,Alm. Salg
Østvej 18,3,Sommerhus,48,1944,-0.04,125e4,4500 Nykøbing Sj,26041,2016-06-27,Alm. Salg
Stormlyvej 6,4,Sommerhus,88,2008,NA,1225e3,4500 Nykøbing Sj,13920,2016-06-26,Alm. Salg
Bøgevej 6,4,Sommerhus,77,1971,0,395e3,4500 Nykøbing Sj,5129,2016-06-25,Alm. Salg
Østergårdsvej 15,3,Sommerhus,95,2005,-0.06,155e4,4500 Nykøbing Sj,16315,2016-06-23,Alm. Salg
Karsebakken 2,2,Sommerhus,60,1959,NA,278e3,4500 Nykøbing Sj,4633,2016-06-22,Auktion
Fårefoldvej 1,3,Sommerhus,60,1992,-0.07,1275e3,4500 Nykøbing Sj,21250,2016-06-21,Alm. Salg
Østerdalen 17,3,Sommerhus,60,1978,-0.09,63e4,4500 Nykøbing Sj,10500,2016-06-21,Alm. Salg
Borrelyngen 7,5,Sommerhus,105,1972,0,1995e3,4500 Nykøbing Sj,19e3,2016-06-21,Alm. Salg
Quistgaardsvej 3,2,Sommerhus,46,1952,-0.11,35e4,4500 Nykøbing Sj,7608,2016-06-20,Alm. Salg
Tangvej 15,6,Sommerhus,131,2017,NA,102e4,4500 Nykøbing Sj,7786,2016-06-20,Fam. Salg
Pilevangsvej 8,4,Sommerhus,84,1963,-0.05,9e5,4500 Nykøbing Sj,10714,2016-06-17,Alm. Salg
Egebjergvej 165,2,Sommerhus,72,1948,NA,108e4,4500 Nykøbing Sj,15e3,2016-06-17,Alm. Salg
Skovvej 50,3,Sommerhus,82,1969,0.04,515e3,4500 Nykøbing Sj,6280,2016-06-16,Alm. Salg
Ved Skoven 5,3,Sommerhus,42,1947,-0.11,35e4,4500 Nykøbing Sj,8333,2016-06-16,Alm. Salg
Lærkeengen 12,4,Sommerhus,72,1983,-0.08,1185e3,4500 Nykøbing Sj,16458,2016-06-16,Alm. Salg
Heimdalsalle 17,4,Sommerhus,50,1959,0.1,12e5,4500 Nykøbing Sj,24e3,2016-06-15,Alm. Salg
Vindingsvej 20,3,Sommerhus,45,2004,NA,735e3,4500 Nykøbing Sj,16333,2016-06-14,Alm. Salg
Agernvej 5,5,Sommerhus,80,1957,NA,525e3,4500 Nykøbing Sj,6562,2016-06-13,Fam. Salg
Bøsserup Strand 5,3,Sommerhus,46,1957,0,45e4,4500 Nykøbing Sj,9782,2016-06-12,Alm. Salg
Rughavevej 6,3,Sommerhus,71,2007,-0.01,39e4,4500 Nykøbing Sj,5492,2016-06-12,Alm. Salg
Udsigtsvangen 11,5,Sommerhus,63,1952,NA,824500,4500 Nykøbing Sj,13087,2016-06-09,Fam. Salg
Kildevej 1,2,Sommerhus,41,1962,NA,108e4,4500 Nykøbing Sj,26341,2016-06-09,Alm. Salg
Lostien 24,4,Sommerhus,64,1977,-0.07,695e3,4500 Nykøbing Sj,10859,2016-06-09,Alm. Salg
Tømrerbakken 3,6,Sommerhus,78,1965,NA,975e3,4500 Nykøbing Sj,12500,2016-06-09,Alm. Salg
Kristiansvej 2,4,Sommerhus,67,1972,0,895e3,4500 Nykøbing Sj,13358,2016-06-06,Alm. Salg
Klint Strandvej 6,4,Sommerhus,60,1958,NA,352500,4500 Nykøbing Sj,5875,2016-06-06,Andet
Skippervej 39,4,Sommerhus,68,1968,NA,287500,4500 Nykøbing Sj,4227,2016-06-06,Alm. Salg
Larsensvej 11,4,Sommerhus,63,1956,NA,85e4,4500 Nykøbing Sj,13492,2016-06-05,Alm. Salg
Blåbærvej 45,5,Sommerhus,110,2006,NA,828750,4500 Nykøbing Sj,7534,2016-06-02,Alm. Salg
Vedhammervej 24,4,Sommerhus,61,1955,NA,159800,4500 Nykøbing Sj,2619,2016-06-01,Fam. Salg
Pilelunden 13,3,Sommerhus,60,1977,NA,89e4,4500 Nykøbing Sj,14833,2016-06-01,Alm. Salg
Skærby Bakke 14,4,Sommerhus,85,1937,0.01,1e6,4500 Nykøbing Sj,11764,2016-06-01,Alm. Salg
Borrelyngen 7,5,Sommerhus,105,1972,0.25,2495e3,4500 Nykøbing Sj,23761,2016-06-01,Alm. Salg
Topvej 43,6,Sommerhus,75,1966,NA,195e4,4500 Nykøbing Sj,26e3,2016-05-31,Alm. Salg
Apotekerstien 7,4,Sommerhus,40,1961,NA,35e4,4500 Nykøbing Sj,8750,2016-05-31,Fam. Salg
Valdemarsvej 1,3,Sommerhus,60,1963,NA,535500,4500 Nykøbing Sj,8925,2016-05-31,Fam. Salg
Hertasvej 8,3,Sommerhus,48,1967,0,995e3,4500 Nykøbing Sj,20729,2016-05-31,Alm. Salg
Porsevej 1,5,Sommerhus,84,1946,-0.06,795e3,4500 Nykøbing Sj,9464,2016-05-28,Alm. Salg
Slåenhækken 7,4,Sommerhus,90,1969,NA,7e5,4500 Nykøbing Sj,7777,2016-05-27,Fam. Salg
Møstvej 4,4,Sommerhus,84,1972,-0.09,905e3,4500 Nykøbing Sj,10773,2016-05-27,Alm. Salg
Skovløbervej 14,3,Sommerhus,50,1966,-0.07,135e4,4500 Nykøbing Sj,27e3,2016-05-27,Alm. Salg
Blåbærstien 7,3,Sommerhus,63,1974,-0.15,55e4,4500 Nykøbing Sj,8730,2016-05-26,Alm. Salg
Åbredden 28,4,Sommerhus,79,1983,0,295e4,4500 Nykøbing Sj,37341,2016-05-26,Alm. Salg
Bøsserup Vænge 3,3,Sommerhus,60,1986,-0.06,745500,4500 Nykøbing Sj,12425,2016-05-25,Alm. Salg
Sandvej 8,5,Sommerhus,75,1955,-0.08,11e5,4500 Nykøbing Sj,14666,2016-05-25,Alm. Salg
Trekløvervej 20,3,Sommerhus,71,1966,-0.05,9e5,4500 Nykøbing Sj,12676,2016-05-25,Alm. Salg
Søvang 20,4,Sommerhus,83,1960,-0.1,9e5,4500 Nykøbing Sj,10843,2016-05-18,Alm. Salg
Fyrrestien 12,4,Sommerhus,62,1960,-0.19,32e4,4500 Nykøbing Sj,5161,2016-05-18,Alm. Salg
Larsensvej 15,3,Sommerhus,72,1960,-0.02,185e4,4500 Nykøbing Sj,25694,2016-05-17,Alm. Salg
Borgmestervænget 7,4,Sommerhus,75,1956,0,1175e3,4500 Nykøbing Sj,15666,2016-05-17,Alm. Salg
Ternevej 12,3,Sommerhus,52,2008,-0.06,625e3,4500 Nykøbing Sj,12019,2016-05-16,Alm. Salg
Hedeboengen 6,4,Sommerhus,55,1979,-0.11,62e4,4500 Nykøbing Sj,11272,2016-05-16,Alm. Salg
Gyvelvej 36,4,Sommerhus,55,1952,-0.03,125e4,4500 Nykøbing Sj,22727,2016-05-13,Alm. Salg
Pilevangsvej 11,3,Sommerhus,77,1976,-0.02,1275e3,4500 Nykøbing Sj,16558,2016-05-12,Alm. Salg
Dæmningen 17,3,Sommerhus,73,1960,-0.13,1e6,4500 Nykøbing Sj,13698,2016-05-11,Alm. Salg
Nordre Strandvej 28A,5,Sommerhus,81,1970,NA,1e6,4500 Nykøbing Sj,12345,2016-05-11,Fam. Salg
Ebbes Lyng 99,5,Sommerhus,91,1967,-0.04,12e5,4500 Nykøbing Sj,13186,2016-05-10,Alm. Salg
Strandparken 11,4,Sommerhus,86,1979,-0.06,65e4,4500 Nykøbing Sj,7558,2016-05-09,Alm. Salg
Thorsvej 31,4,Sommerhus,71,1980,-0.04,115e4,4500 Nykøbing Sj,16197,2016-05-06,Alm. Salg
Rejenettet 4,4,Sommerhus,62,1982,0.1,1201e3,4500 Nykøbing Sj,19370,2016-05-04,Alm. Salg
Rørsangervej 4,4,Sommerhus,71,1965,-0.03,92e4,4500 Nykøbing Sj,12957,2016-05-02,Alm. Salg
Kløvermarken 18,3,Sommerhus,63,1965,-0.1,125e4,4500 Nykøbing Sj,19841,2016-05-02,Alm. Salg
Thorsvej 64,5,Sommerhus,106,1961,NA,1615e3,4500 Nykøbing Sj,15235,2016-04-30,Fam. Salg
Mosesvinget 4,2,Sommerhus,40,1974,-0.08,545e3,4500 Nykøbing Sj,13625,2016-04-29,Alm. Salg
Vesterled 26,2,Sommerhus,53,1966,-0.08,5e5,4500 Nykøbing Sj,9433,2016-04-29,Alm. Salg
Hyldebærstien 5,3,Sommerhus,36,1958,-0.15,635e3,4500 Nykøbing Sj,17638,2016-04-29,Alm. Salg
Vibo Skovvej 3,6,Sommerhus,89,1954,0,1795e3,4500 Nykøbing Sj,20168,2016-04-28,Alm. Salg
Gøgetoften 4,3,Sommerhus,36,1963,NA,395e3,4500 Nykøbing Sj,10972,2016-04-26,Andet
Lyngbakken 2,4,Sommerhus,80,1962,-0.2,1e6,4500 Nykøbing Sj,12500,2016-04-23,Fam. Salg
Kløvermarken 27,3,Sommerhus,99,1982,-0.14,203e4,4500 Nykøbing Sj,20505,2016-04-23,Alm. Salg
Sleipnersvej 48,4,Sommerhus,77,1961,0.08,151e4,4500 Nykøbing Sj,19610,2016-04-22,Alm. Salg
Brombærvej 7,4,Sommerhus,69,1951,-0.03,725e3,4500 Nykøbing Sj,10507,2016-04-20,Alm. Salg
Søvænget 9,5,Sommerhus,63,1974,0,745e3,4500 Nykøbing Sj,11825,2016-04-20,Alm. Salg
Ravnekærsvej 5,3,Sommerhus,57,1975,-0.07,46e4,4500 Nykøbing Sj,8070,2016-04-20,Alm. Salg
Slåenstien 4,3,Sommerhus,80,1973,-0.08,915e3,4500 Nykøbing Sj,11437,2016-04-20,Alm. Salg
Parallelvej 5,3,Sommerhus,47,1977,-0.2,518e3,4500 Nykøbing Sj,11021,2016-04-19,Alm. Salg
Bøsserup Vænge 20,6,Sommerhus,102,1985,-0.09,995e3,4500 Nykøbing Sj,9754,2016-04-18,Alm. Salg
Rishøj Sidevej 19,4,Sommerhus,60,1967,-0.21,55e4,4500 Nykøbing Sj,9166,2016-04-18,Alm. Salg
Vesterlyngvej 104,5,Sommerhus,109,1923,NA,75e4,4500 Nykøbing Sj,6880,2016-04-16,Alm. Salg
Bregnebjergvej 15,3,Sommerhus,44,1968,-0.04,57e4,4500 Nykøbing Sj,12954,2016-04-15,Alm. Salg
Lærkevang 8,4,Sommerhus,64,1950,-0.11,775e3,4500 Nykøbing Sj,12109,2016-04-15,Alm. Salg
Keramikvej 20,5,Sommerhus,76,1969,-0.12,73e4,4500 Nykøbing Sj,9605,2016-04-15,Alm. Salg
Bellisvej 4,3,Sommerhus,43,1972,-0.04,65e4,4500 Nykøbing Sj,15116,2016-04-10,Alm. Salg
Brunhøj Strandvej 1,3,Sommerhus,60,1936,-0.06,34e5,4500 Nykøbing Sj,56666,2016-04-08,Alm. Salg
Bøsserup Vænge 12,4,Sommerhus,116,2009,-0.1,1125e3,4500 Nykøbing Sj,9698,2016-04-05,Alm. Salg
Vibo Skovvej 10,3,Sommerhus,50,1966,0.23,1225e3,4500 Nykøbing Sj,24500,2016-04-04,Alm. Salg
Brombærstien 3,3,Sommerhus,61,1964,0.01,86e4,4500 Nykøbing Sj,14098,2016-04-04,Alm. Salg
Dyrehøj Strandvej 5,4,Sommerhus,90,1962,NA,2082500,4500 Nykøbing Sj,23138,2016-03-30,Fam. Salg
Koglestien 2,3,Sommerhus,53,2007,NA,115e4,4500 Nykøbing Sj,21698,2016-03-29,Alm. Salg
Fasanvej 6,3,Sommerhus,110,1955,-0.19,162e4,4500 Nykøbing Sj,14727,2016-03-29,Alm. Salg
Margueritevej 9,3,Sommerhus,52,1969,-0.06,85e4,4500 Nykøbing Sj,16346,2016-03-23,Alm. Salg
Fasanlodden 7,4,Sommerhus,77,1968,NA,85e4,4500 Nykøbing Sj,11038,2016-03-22,Fam. Salg
Nattergalevej 3,4,Sommerhus,32,1959,0,35e4,4500 Nykøbing Sj,10937,2016-03-21,Alm. Salg
Rørvigvej 163,3,Sommerhus,57,1911,-0.02,585e3,4500 Nykøbing Sj,10263,2016-03-18,Alm. Salg
Aage Beyers Vænge 16,4,Sommerhus,71,2016,NA,5e5,4500 Nykøbing Sj,7042,2016-03-18,Alm. Salg
Andrupsvej 16,4,Sommerhus,47,1958,NA,705500,4500 Nykøbing Sj,15010,2016-03-17,Fam. Salg
Lokesalle 7,2,Sommerhus,42,1965,0,585e3,4500 Nykøbing Sj,13928,2016-03-16,Alm. Salg
Blommestien 5,3,Sommerhus,35,1974,NA,475e3,4500 Nykøbing Sj,13571,2016-03-16,Fam. Salg
Fyrrelunden 8,2,Sommerhus,40,1951,0,55e4,4500 Nykøbing Sj,13750,2016-03-15,Alm. Salg
Minklodden 1,3,Sommerhus,67,1969,-0.1,445e3,4500 Nykøbing Sj,6641,2016-03-15,Alm. Salg
Drosselholm Skovvej 23,3,Sommerhus,50,1969,-0.08,3e5,4500 Nykøbing Sj,6e3,2016-03-15,Alm. Salg
Fasanstien 16,3,Sommerhus,50,1973,NA,497500,4500 Nykøbing Sj,9950,2016-03-14,Andet
Vildrosevej 4,4,Sommerhus,58,1961,-0.09,813750,4500 Nykøbing Sj,14030,2016-03-11,Alm. Salg
Kragemosevej 24,1,Sommerhus,14,1971,NA,365500,4500 Nykøbing Sj,26107,2016-03-10,Fam. Salg
Stormbakkevej 10,5,Sommerhus,102,2006,NA,2265e3,4500 Nykøbing Sj,22205,2016-03-08,Alm. Salg
Klitborgvej 1,3,Sommerhus,39,1961,NA,65e4,4500 Nykøbing Sj,16666,2016-03-08,Alm. Salg
Vibo Skovvej 6,3,Sommerhus,49,1948,NA,3e5,4500 Nykøbing Sj,6122,2016-03-07,Fam. Salg
Mejsebakken 4,4,Sommerhus,83,1974,NA,1e5,4500 Nykøbing Sj,1204,2016-03-04,Alm. Salg
Provisorvej 10,4,Sommerhus,95,1970,-0.01,985e3,4500 Nykøbing Sj,10368,2016-03-03,Alm. Salg
Skærbyåsen 11,4,Sommerhus,88,2011,-0.1,148e4,4500 Nykøbing Sj,16818,2016-02-29,Alm. Salg
Borgmestervænget 11,3,Sommerhus,69,1957,-0.01,775e3,4500 Nykøbing Sj,11231,2016-02-29,Alm. Salg
Stormbakkevej 11,2,Sommerhus,55,1961,-0.2,515e3,4500 Nykøbing Sj,9363,2016-02-25,Alm. Salg
Andrupsvej 8,3,Sommerhus,50,1974,NA,51e4,4500 Nykøbing Sj,10200,2016-02-19,Fam. Salg
Forchhammervej 6,2,Sommerhus,30,1977,0,195e3,4500 Nykøbing Sj,6500,2016-02-18,Alm. Salg
Enebærvej 15,3,Sommerhus,48,1937,NA,637500,4500 Nykøbing Sj,13281,2016-02-18,Fam. Salg
Søvang 35,4,Sommerhus,93,2004,NA,55e4,4500 Nykøbing Sj,5913,2016-02-18,Andet
Vesterled 9,3,Sommerhus,48,2001,NA,459e3,4500 Nykøbing Sj,9562,2016-02-15,Auktion
Poppelvænget 15,4,Sommerhus,91,1972,-0.06,978500,4500 Nykøbing Sj,10752,2016-02-11,Alm. Salg
Forchhammervej 25,4,Sommerhus,83,2004,-0.14,116e4,4500 Nykøbing Sj,13975,2016-02-09,Alm. Salg
Gnaverstien 6,4,Sommerhus,72,1996,NA,772900,4500 Nykøbing Sj,10734,2016-02-07,Fam. Salg
Kilhultvej 19,5,Sommerhus,101,1979,NA,737800,4500 Nykøbing Sj,7304,2016-02-04,Fam. Salg
Enebærvej 38,3,Sommerhus,53,1977,NA,415e3,4500 Nykøbing Sj,7830,2016-02-04,Alm. Salg
Rørvigvej 130,4,Sommerhus,127,1980,-0.1,9e5,4500 Nykøbing Sj,7086,2016-02-02,Alm. Salg
Blåbærvej 6,3,Sommerhus,60,1942,NA,25e4,4500 Nykøbing Sj,4166,2016-02-01,Andet
Søvang 4,4,Sommerhus,71,1968,-0.1,625e3,4500 Nykøbing Sj,8802,2016-02-01,Alm. Salg
Søvang 86,3,Sommerhus,62,1970,-0.1,625e3,4500 Nykøbing Sj,10080,2016-02-01,Alm. Salg
Damengen 13,3,Sommerhus,43,1968,-0.08,39e4,4500 Nykøbing Sj,9069,2016-02-01,Alm. Salg
Ole Segnersvej 12,4,Sommerhus,83,2006,NA,637500,4500 Nykøbing Sj,7680,2016-01-28,Fam. Salg
Brunhøj Strandvej 19,3,Sommerhus,44,1936,-0.12,35e5,4500 Nykøbing Sj,79545,2016-01-27,Alm. Salg
Sølystgårdsvej 8,4,Sommerhus,102,1988,-0.12,88e4,4500 Nykøbing Sj,8627,2016-01-27,Alm. Salg
Møstaaen 1B,5,Sommerhus,70,1986,-0.06,725e3,4500 Nykøbing Sj,10357,2016-01-26,Alm. Salg
Søhøjsvej 3,4,Sommerhus,80,1961,NA,105e4,4500 Nykøbing Sj,13125,2016-01-23,Alm. Salg
Topvej 21,4,Sommerhus,93,2006,-0.11,16e5,4500 Nykøbing Sj,17204,2016-01-20,Alm. Salg
Fyrrebakken 12,4,Sommerhus,71,1961,NA,3e5,4500 Nykøbing Sj,4225,2016-01-20,Fam. Salg
Hertasvej 12,5,Sommerhus,118,1962,NA,298350,4500 Nykøbing Sj,2528,2016-01-19,Fam. Salg
Klintetoppen 49,5,Sommerhus,115,1974,NA,1042e3,4500 Nykøbing Sj,9060,2016-01-18,Fam. Salg
Tømrerbakken 9,4,Sommerhus,85,1973,NA,468906,4500 Nykøbing Sj,5516,2016-01-18,Alm. Salg
Klintvej 188,4,Sommerhus,98,1851,NA,446250,4500 Nykøbing Sj,4553,2016-01-15,Fam. Salg
Klitrosevej 12,5,Sommerhus,74,1944,-0.12,19e5,4500 Nykøbing Sj,25675,2016-01-14,Alm. Salg
Bregnebjergvej 9,4,Sommerhus,80,1971,-0.04,665e3,4500 Nykøbing Sj,8312,2016-01-14,Alm. Salg
Østerlyngvej 150,3,Sommerhus,52,1955,-0.12,525e3,4500 Nykøbing Sj,10096,2016-01-14,Alm. Salg
Vestvej 37A,4,Sommerhus,83,2013,NA,29e5,4500 Nykøbing Sj,34939,2016-01-14,Alm. Salg
Brunhøj Strandvej 17,5,Sommerhus,73,1935,-0.07,395e4,4500 Nykøbing Sj,54109,2016-01-13,Alm. Salg
Østerlunden 5,3,Sommerhus,62,1961,-0.32,2e5,4500 Nykøbing Sj,3225,2016-01-09,Alm. Salg
Udlodden 3,3,Sommerhus,87,2004,NA,6e5,4500 Nykøbing Sj,6896,2016-01-08,Fam. Salg
Udlodden 31,4,Sommerhus,63,1968,NA,1437600,4500 Nykøbing Sj,22819,2016-01-06,Alm. Salg
Bjergmosevej 4,5,Sommerhus,116,1949,NA,16e5,4500 Nykøbing Sj,13793,2016-01-06,Fam. Salg
Chr Petersensvej 21,4,Sommerhus,72,1956,-0.19,105e4,4500 Nykøbing Sj,14583,2016-01-04,Alm. Salg
Borgmesterlodden 34,6,Sommerhus,116,1979,-0.15,1015e3,4500 Nykøbing Sj,8750,2016-01-04,Alm. Salg
Ørnæsvej 7,4,Sommerhus,86,2014,NA,23e5,4500 Nykøbing Sj,26744,2016-01-04,Alm. Salg
Vesterbro 68,8,Villa,235,1966,NA,943829,4500 Nykøbing Sj,4016,2017-06-27,Alm. Salg
Skaverupvej 24,6,Villa,164,1937,0,2295e3,4500 Nykøbing Sj,13993,2017-06-25,Alm. Salg
Stokrosevej 9,5,Villa,179,1954,0,1215e3,4500 Nykøbing Sj,6787,2017-06-22,Alm. Salg
Klintevej 11,4,Villa,125,1912,-0.1,9e5,4500 Nykøbing Sj,7200,2017-06-19,Alm. Salg
Kingosvej 100,4,Villa,120,1972,0,1195e3,4500 Nykøbing Sj,9958,2017-06-16,Alm. Salg
Æble Alle 7,5,Villa,100,1980,NA,66e4,4500 Nykøbing Sj,6600,2017-06-07,Alm. Salg
Sct Georgs Vej 5,5,Villa,211,1972,-0.02,195e4,4500 Nykøbing Sj,9241,2017-06-01,Alm. Salg
Oldhøj 8,3,Villa,110,1966,-0.03,675e3,4500 Nykøbing Sj,6136,2017-05-24,Alm. Salg
Læsøvej 8,4,Villa,127,1979,-0.15,85e4,4500 Nykøbing Sj,6692,2017-05-22,Alm. Salg
Højbyvej 22,6,Villa,237,2005,-0.08,21e5,4500 Nykøbing Sj,8860,2017-05-19,Alm. Salg
Lestrupvej 17,5,Villa,170,1777,-0.02,975e3,4500 Nykøbing Sj,5735,2017-05-17,Alm. Salg
Ryttervænget 6,3,Villa,101,1966,-0.17,66e4,4500 Nykøbing Sj,6534,2017-05-12,Alm. Salg
Æble Alle 79,5,Villa,136,1986,0,165e4,4500 Nykøbing Sj,12132,2017-05-11,Alm. Salg
Oldhøjvænget 5,6,Villa,133,1978,NA,695e3,4500 Nykøbing Sj,5225,2017-05-08,Auktion
Skolelodden 9,6,Villa,147,1976,0.2,595e3,4500 Nykøbing Sj,4047,2017-05-05,Alm. Salg
Endelavevej 13,5,Villa,142,2004,-0.02,195e4,4500 Nykøbing Sj,13732,2017-05-01,Alm. Salg
Egebjergvej 65,5,Villa,184,1962,-0.04,1525e3,4500 Nykøbing Sj,8288,2017-04-22,Alm. Salg
Nordstrandsvej 23,5,Villa,108,1965,-0.08,73e4,4500 Nykøbing Sj,6759,2017-04-19,Alm. Salg
Vesterbro 50,5,Villa,126,1935,-0.04,115e4,4500 Nykøbing Sj,9126,2017-04-17,Alm. Salg
Grundtvigsvej 20,4,Villa,91,1919,0,995e3,4500 Nykøbing Sj,10934,2017-04-10,Alm. Salg
C Steinckesvej 11,4,Villa,131,1952,NA,366971,4500 Nykøbing Sj,2801,2017-04-10,Andet
Vesterlyngvej 112,5,Villa,183,1940,-0.15,85e4,4500 Nykøbing Sj,4644,2017-04-10,Alm. Salg
Kildestræde 21,4,Villa,101,1935,NA,645e3,4500 Nykøbing Sj,6386,2017-04-05,Auktion
Egebjergvej 2,6,Villa,81,1953,0,496e3,4500 Nykøbing Sj,6123,2017-03-28,Alm. Salg
Englandsbakken 3,6,Villa,140,1865,-0.1,135e4,4500 Nykøbing Sj,9642,2017-03-26,Alm. Salg
Klintevej 14,4,Villa,186,1906,NA,83e4,4500 Nykøbing Sj,4462,2017-03-24,Alm. Salg
Billesvej 29,4,Villa,80,1944,-0.04,11e5,4500 Nykøbing Sj,13750,2017-03-21,Alm. Salg
Oldhøj 20,5,Villa,170,1975,-0.06,1455e3,4500 Nykøbing Sj,8558,2017-03-15,Alm. Salg
Rørvigvej 59,6,Villa,172,1948,-0.09,1045e3,4500 Nykøbing Sj,6075,2017-03-07,Alm. Salg
Nordstrandsvej 17,5,Villa,100,1948,-0.16,5e5,4500 Nykøbing Sj,5e3,2017-03-06,Alm. Salg
Johs Olsens Vej 9,4,Villa,123,1973,-0.13,1e6,4500 Nykøbing Sj,8130,2017-03-03,Alm. Salg
Mosbyvej 28,4,Villa,115,1975,-0.07,86e4,4500 Nykøbing Sj,7478,2017-02-27,Alm. Salg
Egebjergvej 189,6,Villa,165,1928,-0.39,149e4,4500 Nykøbing Sj,9030,2017-02-27,Auktion
Skovvej 5,9,Villa,300,2010,-0.02,342e4,4500 Nykøbing Sj,11400,2017-02-24,Alm. Salg
Sct Georgs Vej 10,8,Villa,209,1972,-0.04,201e4,4500 Nykøbing Sj,9617,2017-02-22,Alm. Salg
Nordstrandsvej 55,3,Villa,98,1960,-0.03,675e3,4500 Nykøbing Sj,6887,2017-02-22,Alm. Salg
Billesvej 30,4,Villa,84,1953,NA,6e5,4500 Nykøbing Sj,7142,2017-02-20,Alm. Salg
Klintvej 13,4,Villa,112,1965,NA,8e5,4500 Nykøbing Sj,7142,2017-02-09,Alm. Salg
Fasanalle 8,8,Villa,210,1965,-0.05,95e4,4500 Nykøbing Sj,4523,2017-02-09,Alm. Salg
Fanøvej 8,4,Villa,130,1997,-0.1,135e4,4500 Nykøbing Sj,10384,2017-02-03,Alm. Salg
Askehaven 8A,7,Villa,155,1928,-0.08,1095e3,4500 Nykøbing Sj,7064,2017-02-02,Alm. Salg
Blichersvej 6,3,Villa,115,1976,0,1195e3,4500 Nykøbing Sj,10391,2017-01-31,Alm. Salg
Rørvigvej 20,5,Villa,115,1954,0,1300100,4500 Nykøbing Sj,11305,2017-01-31,Alm. Salg
Grønlandsvej 7,5,Villa,160,1925,-0.1,175e4,4500 Nykøbing Sj,10937,2017-01-31,Alm. Salg
Kirkebakken 1,7,Villa,156,1972,-0.08,1195e3,4500 Nykøbing Sj,7660,2017-01-19,Alm. Salg
Askehaven 4,6,Villa,112,1850,-0.32,335e3,4500 Nykøbing Sj,2991,2017-01-16,Alm. Salg
Sølvagervej 16,12,Villa,258,1777,-0.05,2645e3,4500 Nykøbing Sj,10251,2017-01-12,Alm. Salg
Kingosvej 24,2,Villa,80,1955,-0.08,55e4,4500 Nykøbing Sj,6875,2017-01-03,Alm. Salg
Tjørneholmen 4,6,Villa,131,1925,NA,795e3,4500 Nykøbing Sj,6068,2017-01-02,Auktion
Brådevej 9,4,Villa,147,1909,0.12,554e3,4500 Nykøbing Sj,3768,2016-12-21,Alm. Salg
Mosbyvej 3,4,Villa,94,1971,NA,65e4,4500 Nykøbing Sj,6914,2016-12-20,Alm. Salg
Glostrupvej 2,7,Villa,166,1910,NA,133e4,4500 Nykøbing Sj,8012,2016-12-18,Alm. Salg
Gartnervænget 6,4,Villa,138,2005,-0.04,1925e3,4500 Nykøbing Sj,13949,2016-12-17,Alm. Salg
Toftegårdsvænget 4,4,Villa,107,1967,-0.05,735e3,4500 Nykøbing Sj,6869,2016-12-12,Alm. Salg
Egebjergvej 175,8,Villa,172,1967,NA,1914140,4500 Nykøbing Sj,11128,2016-12-08,Fam. Salg
Egebjergvej 278,5,Villa,132,1859,NA,75e4,4500 Nykøbing Sj,5681,2016-12-07,Fam. Salg
Rørvigvej 85,5,Villa,142,1954,-0.14,625e3,4500 Nykøbing Sj,4401,2016-12-06,Alm. Salg
Dr Schadsvej 5,4,Villa,126,1963,NA,55e4,4500 Nykøbing Sj,4365,2016-12-01,Alm. Salg
Bispevej 18,5,Villa,155,1969,-0.16,105e4,4500 Nykøbing Sj,6774,2016-12-01,Auktion
Dr Egedesvej 3,4,Villa,104,1958,NA,620398,4500 Nykøbing Sj,5965,2016-11-30,Andet
Isefjordsvej 10,4,Villa,155,1875,-0.02,1275e3,4500 Nykøbing Sj,8225,2016-11-28,Alm. Salg
Læsøvej 3,6,Villa,181,1963,-0.04,11e5,4500 Nykøbing Sj,6077,2016-11-27,Alm. Salg
Egebjergvej 249,3,Villa,48,1877,NA,1045e3,4500 Nykøbing Sj,21770,2016-11-23,Andet
Askehaven 8A,7,Villa,155,1928,0,1195e3,4500 Nykøbing Sj,7709,2016-11-22,Alm. Salg
Askehaven 9,3,Villa,70,1963,-0.14,6e5,4500 Nykøbing Sj,8571,2016-11-21,Alm. Salg
Sejerøvej 8,3,Villa,127,1977,-0.03,145e4,4500 Nykøbing Sj,11417,2016-11-10,Alm. Salg
Brydebakken 12,6,Villa,180,1972,NA,9e5,4500 Nykøbing Sj,5e3,2016-11-03,Alm. Salg
Saxildsalle 2,5,Villa,128,1934,-0.09,1e6,4500 Nykøbing Sj,7812,2016-10-31,Alm. Salg
Grønnehavestræde 5,12,Villa,242,1850,-0.1,18e5,4500 Nykøbing Sj,7438,2016-10-31,Alm. Salg
Lindegårdshegnet 19,4,Villa,139,2008,-0.03,1925e3,4500 Nykøbing Sj,13848,2016-10-19,Alm. Salg
Skovlundevej 11,8,Villa,210,1924,0.07,1595e3,4500 Nykøbing Sj,7595,2016-10-09,Alm. Salg
Æble Alle 15,4,Villa,82,1960,NA,2e5,4500 Nykøbing Sj,2439,2016-10-06,Alm. Salg
Ørnevej 4,4,Villa,131,1958,0,875e3,4500 Nykøbing Sj,6679,2016-09-30,Alm. Salg
Brådevej 29,5,Villa,156,1877,-0.04,1095e3,4500 Nykøbing Sj,7019,2016-09-27,Alm. Salg
Nordstrandsvej 28,4,Villa,96,1956,0.05,1255e3,4500 Nykøbing Sj,13072,2016-09-26,Alm. Salg
Isefjordsvej 11,4,Villa,115,1934,NA,708065,4500 Nykøbing Sj,6157,2016-09-23,Fam. Salg
Hovvigvej 4,4,Villa,198,1997,NA,155e4,4500 Nykøbing Sj,NA,2016-09-20,Alm. Salg
Saxildsalle 19,5,Villa,114,1951,0,999e3,4500 Nykøbing Sj,8763,2016-09-18,Alm. Salg
Bjarkesvej 14,4,Villa,110,1987,-0.07,107e4,4500 Nykøbing Sj,9727,2016-09-14,Alm. Salg
Bjarkesvej 4,6,Villa,144,1988,-0.08,125e4,4500 Nykøbing Sj,8680,2016-09-11,Alm. Salg
Glostrupvej 19,4,Villa,82,1905,-0.12,26e4,4500 Nykøbing Sj,3170,2016-09-05,Alm. Salg
Rørvigvej 99,3,Villa,77,1960,-0.03,97e4,4500 Nykøbing Sj,12597,2016-09-02,Alm. Salg
Sandskredsvej 17,4,Villa,161,1900,-0.08,11e5,4500 Nykøbing Sj,6832,2016-08-30,Alm. Salg
Søndergårdsvej 4,5,Villa,112,1926,NA,6e5,4500 Nykøbing Sj,5357,2016-08-25,Alm. Salg
Æble Alle 7,5,Villa,100,1980,-0.09,66e4,4500 Nykøbing Sj,6600,2016-08-24,Alm. Salg
Nordstrandsvej 33,3,Villa,74,1955,-0.06,825e3,4500 Nykøbing Sj,11148,2016-08-22,Alm. Salg
Dr Schadsvej 13,5,Villa,111,1953,NA,576563,4500 Nykøbing Sj,5194,2016-08-22,Alm. Salg
Egebjergvej 203,6,Villa,167,1920,-0.08,1555e3,4500 Nykøbing Sj,9311,2016-08-15,Alm. Salg
Rørvigvej 31,5,Villa,142,1919,-0.47,4e5,4500 Nykøbing Sj,2816,2016-08-05,Alm. Salg
Oddenvej 134,4,Villa,91,1935,-0.08,55e4,4500 Nykøbing Sj,6043,2016-08-04,Alm. Salg
A Ladingsvej 4,7,Villa,130,1917,-0.1,625e3,4500 Nykøbing Sj,4807,2016-08-03,Alm. Salg
Klintvej 127,6,Villa,146,1972,NA,945e3,4500 Nykøbing Sj,6472,2016-07-29,Alm. Salg
Højbyvej 32,2,Villa,70,1962,NA,15e4,4500 Nykøbing Sj,2142,2016-07-28,Andet
Thyherredvej 12,4,Villa,107,1961,NA,36e4,4500 Nykøbing Sj,3364,2016-07-02,Alm. Salg
Isefjordsvej 9,3,Villa,87,1931,NA,3e5,4500 Nykøbing Sj,3448,2016-07-01,Alm. Salg
Grønnehavestræde 5,12,Villa,242,1850,NA,18e5,4500 Nykøbing Sj,7438,2016-07-01,Andet
Fanøvej 10,5,Villa,130,1996,-0.11,1325e3,4500 Nykøbing Sj,10192,2016-06-22,Alm. Salg
Annebergparken 1,4,Villa,135,1915,0.08,1291e3,4500 Nykøbing Sj,9562,2016-06-21,Alm. Salg
Vesterbro 47,4,Villa,128,1926,0,995e3,4500 Nykøbing Sj,7773,2016-06-13,Alm. Salg
Oddenvej 132,4,Villa,102,1900,NA,278e3,4500 Nykøbing Sj,2725,2016-06-06,Auktion
Rørvigvej 165,4,Villa,85,1959,-0.11,62e4,4500 Nykøbing Sj,7294,2016-05-24,Alm. Salg
Kingosvej 34,4,Villa,94,1955,NA,595e3,4500 Nykøbing Sj,6329,2016-05-24,Alm. Salg
Thyherredvej 5,3,Villa,81,1963,NA,675e3,4500 Nykøbing Sj,8333,2016-05-23,Alm. Salg
Forskodderne 8,5,Villa,150,2009,NA,875e3,4500 Nykøbing Sj,5833,2016-05-20,Alm. Salg
Rørvigvej 141,6,Villa,160,1952,NA,578740,4500 Nykøbing Sj,3617,2016-05-13,Andet
Altavej 12,4,Villa,101,1955,NA,1585e3,4500 Nykøbing Sj,15693,2016-05-11,Alm. Salg
Klintvej 129D,4,Villa,139,2014,-0.13,1e6,4500 Nykøbing Sj,7194,2016-05-11,Alm. Salg
Rørvigvej 46,2,Villa,90,1959,NA,695e3,4500 Nykøbing Sj,7722,2016-05-11,Auktion
Kløverstien 12,4,Villa,133,1977,NA,43e4,4500 Nykøbing Sj,3233,2016-05-10,Fam. Salg
Kokkevang 9,5,Villa,174,1827,NA,1545e3,4500 Nykøbing Sj,8879,2016-05-09,Alm. Salg
Bispevej 26,5,Villa,104,1960,-0.04,82e4,4500 Nykøbing Sj,7884,2016-05-07,Alm. Salg
Lindeparken 4,4,Villa,100,1975,-0.07,83e4,4500 Nykøbing Sj,8300,2016-04-29,Alm. Salg
Glostrupvej 33,3,Villa,112,1900,0,75e4,4500 Nykøbing Sj,6696,2016-04-26,Alm. Salg
Thorshøjvej 5,5,Villa,98,1952,NA,612500,4500 Nykøbing Sj,6250,2016-04-12,Alm. Salg
Sletterhøjvej 18,7,Villa,218,1930,NA,95e4,4500 Nykøbing Sj,4357,2016-04-11,Fam. Salg
Toftegårdsvænget 5,4,Villa,116,1974,NA,349e3,4500 Nykøbing Sj,3008,2016-04-11,Auktion
Dalvang 8,3,Villa,93,1963,NA,342303,4500 Nykøbing Sj,3680,2016-03-31,Fam. Salg
Nyledsbakken 50,7,Villa,258,1920,-0.12,1675e3,4500 Nykøbing Sj,6492,2016-03-28,Alm. Salg
Dr Egedesvej 8,5,Villa,102,1957,NA,318e3,4500 Nykøbing Sj,3117,2016-03-06,Fam. Salg
Lumsås Møllevej 12,6,Villa,195,1976,-0.03,125e4,4500 Nykøbing Sj,6410,2016-03-03,Alm. Salg
Kingosvej 62,5,Villa,128,1965,NA,56e4,4500 Nykøbing Sj,4375,2016-03-02,Fam. Salg
Altavej 7,3,Villa,70,1953,-0.15,85e4,4500 Nykøbing Sj,12142,2016-02-24,Alm. Salg
Møstvej 7,4,Villa,110,1825,0.14,335e3,4500 Nykøbing Sj,3045,2016-02-19,Alm. Salg
Møllegårdsalle 9,4,Villa,103,1930,-0.14,6e5,4500 Nykøbing Sj,5825,2016-02-18,Alm. Salg
A Ladingsvej 14,5,Villa,110,1966,-0.05,85e4,4500 Nykøbing Sj,7727,2016-02-17,Alm. Salg
Kokkevang 2E,3,Villa,64,1877,NA,299873,4500 Nykøbing Sj,4685,2016-02-17,Alm. Salg
Grundtvigsvej 22,5,Villa,109,1920,NA,635e3,4500 Nykøbing Sj,5825,2016-02-11,Fam. Salg
Egebjergvej 232A,7,Villa,208,1915,-0.5,65e4,4500 Nykøbing Sj,3125,2016-02-08,Alm. Salg
Digterparken 24,4,Villa,126,1978,-0.02,1195e3,4500 Nykøbing Sj,9484,2016-01-25,Alm. Salg
Brådevej 26,4,Villa,128,1877,NA,31e4,4500 Nykøbing Sj,2421,2016-01-25,Alm. Salg
Kingosvej 12,5,Villa,126,1962,NA,462705,4500 Nykøbing Sj,3672,2016-01-08,Alm. Salg
Nyledsbakken 38C,5,Villa,110,1948,NA,475868,4500 Nykøbing Sj,4326,2016-01-08,Alm. Salg
Kingosvej 12,5,Villa,126,1962,NA,854175,4500 Nykøbing Sj,6779,2016-01-05,Alm. Salg
